macro,category_leaf,brand,title,price_usd,parent_asin
Cell_Phones_and_Accessories,Adhesive Card Holders,uCOLOR,Two Pack Phone Card Holder uCOLOR Iridescent Silver PU Leather Wallet Pocket Credit Card I,,B07MPMXBRN
Cell_Phones_and_Accessories,Bumpers,Qtech,Qtech QT-1321 Unique Dazzling Diamond Bling Case for Huawei Pinnacle 2 M636 - 1 Pack - Ret,7.99,B00D120LNU
Cell_Phones_and_Accessories,Cell Phone Minutes,Tracfone,"TracFone $29.99 Basic Phone Plan, 120 Minutes, 90 Days [Physical Delivery]",29.99,B000LA2CUK
Cell_Phones_and_Accessories,Cell Phones and Subscriptions,,$55 Monthly Stored Value Card Subscription for Cricket Unlimited & 15GB Mobile Hotspot pla,,B07JLVPFXK
Cell_Phones_and_Accessories,Chargers & Power Adapters,Smingda,Smingda Car Charge Charge Power Adaptor Headphone Adapter Aux Adaptor ChargerAdapter Dongl,,B00TDN63AG
Cell_Phones_and_Accessories,Charging Stations,AEDILYS,"Galaxy Note 5 Desktop Charging Cradle,AEDILYS Desktop Dock Charger Cradle for Samsung Gala",,B017G2Q31E
Cell_Phones_and_Accessories,Designer Cases,Marc by Marc Jacobs,Marc by Marc Jacobs Adults Suck Neoprene 15-Inch Commuter Bag (M0003460),,B00HYUN952
Cell_Phones_and_Accessories,Dry Bags,Dekize,"Universal [Float] Waterproof Pouch, Dekize Cellphone Dry Bag Pouch for iPhone X, 8/7/7 Plu",,B07FDLQGC4
Cell_Phones_and_Accessories,FREE One-Day Shipping,Wilson Electronics,"Wilson Electronics, LLC - Slim Low Profile Antenna 800/1900 MHz, with SMA Male Connector",,B007I505AA
Cell_Phones_and_Accessories,"Maintenance, Upkeep & Repairs",Snugg,"iPhone 4 and 4S Case, Snugg Apple iPhone 4 and 4S Tan Suede Leather Pouch Case [Card Slot]",,B0091T9CKU
Cell_Phones_and_Accessories,Mounts,RAM MOUNTS,"RAM MOUNTS (RAM-HOL-AP16U Model Specific Cradle for The Apple iPhone 5C Without Case, Skin",16.49,B00HRBJ3Y4
Cell_Phones_and_Accessories,Phone Charms,Clayvision LLC,Clayvision Baseball Softball (Flat Back) Phone Charm Plug with Fuchsia Colored Crystal,,B00GOF59C4
Cell_Phones_and_Accessories,SIM Cards & Prepaid Minutes,LowerPriceUSA,Apple iPhone 3G / Apple iPhone 3GS White Sim Card Tray Holder,,B0041IERTC
Cell_Phones_and_Accessories,Samsung Galaxy S 7 Edge Cases,FOCO,Forever Collectibles Dual Hybrid BOLD Series Case for Samsung Galaxy S7 Edge - NFL Seattle,,B01JK2XLKY
Cell_Phones_and_Accessories,Shower & Wall Mounts,Rykwurde,Rykwurde Shower Phone Holder Waterproof 360° Rotation Shower Phone Case HD Touch Screen Wa,,B099N5K9FC
Cell_Phones_and_Accessories,Single Ear Bluetooth Headsets,MAIRDI,"MAIRDI Wireless Telephone Headset with Microphone Noise Canceling for Call Center, Office ",,B07Q19XCNK
Cell_Phones_and_Accessories,Smartwatch Accessories,RangWood,"JETech Case with Screen Protector Compatible with Apple Watch SE/Series 6 5 4 40mm, Overal",,B00WSI64DY
Cell_Phones_and_Accessories,Solar Chargers,OXSUN,OXSUN 30W Portable Solar Panel Folding Foldable Solar Panels with USB DC USB-C Port Compat,59.99,B0CBQ22GBB
Cell_Phones_and_Accessories,T-Mobile,T-Mobile,"T-Mobile G1, White (T-Mobile)",,B001O0EGD2
Cell_Phones_and_Accessories,Windows Phone 7,Asus,"ASU.S. P527 Unlocked Phone GPS, WiFi, 2 MP, Windows Mobile-U.S. Version with Warranty",,B00120LA4C
Cell_Phones_and_Accessories,iPhone 6 & 6S Cases,fddqd,Phone Cable 5Pack 2x3FT 2x6FT 10FT to USB Syncing Data and Nylon Braided Cord Charger Char,,B00MF8TXT4
Cell_Phones_and_Accessories,iPhone 7 Cases,Aroko,CANVAS DIARY for iPhone 8 Plus / iPhone 7 Plus,,B06XX7CLNR
Cell_Phones_and_Accessories,iPhone 7 Wallet Cases,LefRight,"[iPhone 7 Plus] Removable Case[5.5""], Zipper Coins Wallet Pouch Leather Detachable Magneti",,B071P2BX9H
Cell_Phones_and_Accessories,iPhone Accessories,CellBee,CellBee® [Candy Crush]Apple iPhone 6 4.7 Inch Magnetic Premium PU Leather Wallet Flip Case,,B00NYCI4QI
Cell_Phones_and_Accessories,iPhone X Heavy Duty,OtterBox,OTTERBOX COMMUTER SERIES Case for iPhone Xs & iPhone X - Frustration FRĒe Packaging - INDI,,B00Z7SJI94
Electronics,Anti-Glare & Privacy Filters,SightPro,SightPro 14 Inch Laptop Privacy Screen Filter for 16:9 Edge-to-Edge Widescreen Display - C,,B07VRBWW1K
Electronics,Aviation Electronics,Garmin,GARMIN AERA 660 Aviation Cradle - GDL 39/GDL 39 3D,79.99,B01GVSX47A
Electronics,"Binocular, Camera & Camcorder Straps",Leica,"Leica Wrist Strap for D-Lux Camera, Brown",101.45,B07KQJWNWQ
Electronics,Body Mounted Cameras,Pyle,"Pyle Rugged 64GB 1296P Water Resistant HD Police Body Camera Night Vision IR, Rechargeable",,B01N7Y0HPW
Electronics,CD & Tape Players,Kecag ELectronics,KECAG CD Player Vertical Loading Wall Mountable Bluetooth with Remote Control Built-in HiF,,B075T8YJP2
Electronics,Camcorder Cases,Mc-cases,MC-CASES Compact Case for DJI Mavic Mini and Accessories - for Flymore Kombo Without Prope,,B081JXPLLN
Electronics,Data Cables & Chargers,Amazon Basics,Amazon Basics Micro USB Universal Car Charger for Android - 5 Feet (1.5 Meters),,B00Q4LOLRW
Electronics,Dell Monitor Promotion,Dell,"Alienware Alpha ASM100-9000BLK Mini Desktop (Intel Core i7-4785T 2.2GHz Processor, 8 GB DD",,B01F3R9DP2
Electronics,Gaming Laptops,Computer Upgrade King,"CUK ROG Strix Scar 17 Gaming Laptop (Ryzen 9 5900HX, 64GB 3200, 2TB PCIe NVME, NVIDIA GeFo",,B093TF47L2
Electronics,Gifts for Grads,Speck,Speck Products CandyShell Grip Case for iPhone SE/5/5S -Retail Packaging- Black/Slate Grey,,B009U5JV2O
Electronics,Guiders & Wedges,Gosky,Gosky Deluxe Off-Axis Guider for Astrophotography - with Accessories Kit,,B01IMPQ332
Electronics,Housings,Insta360,"Insta360 Bike Accessory Bundle for ONE R, ONE X, ONE Action Camera",35.0,B07CZH7M62
Electronics,Memory,A-Tech,2GB Stick for Toshiba Satellite A Series A215-SP4038 A215-SP4042 A215-SP4057 A215-SP5809 A,20.27,B00MG2CCX8
Electronics,Network Antennas,Proxicast,Proxicast 3G/4G/LTE Universal Wide Band 5 dBi Omni-Directional Paddle Antenna + SMA Magnet,28.95,B08PHKY1V3
Electronics,New in Electronics,Acer,Acer AO532h-2406 10.1-Inch Garnet Red Netbook - Up to 10 Hours of Battery Life,,B0030LTLQA
Electronics,Polarizing Filters,Nikon,Nikon 2390 52mm Circular Polarizing Filter,69.95,B001W6Q6N6
Electronics,Popular Electronics,SAMSUNG,"Samsung Galaxy S8+ 64GB Unlocked Phone - 6.2"" Screen - International Version (Midnight Bla",339.98,B07SCRWXYP
Electronics,Posing Props,HUAYI PHOTO LTD,HUAYI 5x10FT Vintage Blue Door and wood floor Photography Newborn Backdrop D7507,20.0,B01KHFCK9Q
Electronics,SCSI Cables,Maxmoral,Maxmoral 12V DC Power Supply Plug Connector to 4Pin PC Fan Power Adapter Cable 1 to 4 Ways,,B07XCNYJYL
Electronics,SD Cards,SanDisk,SANDISK SDSDU-008G-A46 8GB Ultra(R) SDHC(TM) & SDXC(TM) Memory Card,,B00DOE68CS
Electronics,Smartwatches,SAWENO,"Smart Watch for Men Women, Activity Fitness Tracker Blood Oxygen Heart Rate Sleep Monitor ",,B0BR3LY9TN
Electronics,Surround Processors,Shentesel,Shentesel 1Pair Car Decorative Exhaust Auto Styling Fake Vent Grid Muffler Pipe - Black,,B07TYWSLKT
Electronics,Television Replacement Parts,TEKBYUS,TEKBYUS BN44-00932Q Power Supply LED Board for UN55RU7100FXZA UN50RU7100FXZA UN58RU7100FXZ,39.0,B08BKVYHBF
Electronics,USB Microscopes,Amoper,USB Digital Microscope 50x-1000x 1080P HD Portable Camera with Flexible Arm Stand 2.0 MP 8,,B07VPJKYMY
Electronics,Wireless Components & Receivers,Bose,Bose SoundTouch SA-4 Amplifier (Black),378.0,B00FG3DCPG
Tools_and_Home_Improvement,All Hitachi,"Koki Holdings America, Ltd","Hitachi 12108 7/8"" x 0.120"" Wire Coil Electro Galvanized Smooth Shank Roofing Nails 7200 c",,B000288LEM
Tools_and_Home_Improvement,All Milwaukee,Milwaukee,Milwaukee 8985 11.6 Amp 140/1040 Degree Fahrenheit Variable Temperature Heat Gun Kit,,B00004TI29
Tools_and_Home_Improvement,Bar Sinks,BLANCO,"BLANCO, Cinder 441477 DIAMOND SILGRANIT Drop-In or Undermount Bar Sink, 15"" X 15""",,B0C381QR3Q
Tools_and_Home_Improvement,"Breakers, Load Centers & Fuses",Shihlin,Baomain AC Contactor S-P35T 220V 50/60Hz Thermal Overload Relay CE UL & CSA listed,32.79,B07NHJN59Y
Tools_and_Home_Improvement,Building Supplies,Snirt Stopper,20' Garage Door Seal,229.8,B075TQY2XH
Tools_and_Home_Improvement,Desk Lamps,TMISHION,"Beauty Lamp, LED Table Light USB Rechargeable Adjustable Tattoo Beauty Light for Nail Art ",,B08769WD6H
Tools_and_Home_Improvement,Divided Light Cabinet-Door Bit Sets,Freud,"Freud 99-270: 1-17/32"" (Dia.) Divided Lite Cabinet Door Bit Set with 1/2"" Shank",119.99,B00004T7MN
Tools_and_Home_Improvement,Double Hung Windows,Shed Windows and More,"Shed Windows 24"" X 36"" White J-Channel Mount, Safety/Tempered Glass, Playhouse Windows, Ch",,B01FY1X4O8
Tools_and_Home_Improvement,Faucet Index Buttons,American Standard,American Standard Standard Index Button -Standard Collection-Hot,,B002J3I83C
Tools_and_Home_Improvement,Gifts Under $50,SOG,"SOG Specialty Knives & Tools F01P-N Tactical Tomahawk with Nylon Sheath, Polished Finish",,B008GYOILY
Tools_and_Home_Improvement,HomeRight,Black & Decker,Black & Decker C800630 Quick Painter Replacement Pads,,B000FPDMTG
Tools_and_Home_Improvement,"House Numbers, Plaques & Signs",Deltana,Deltana RN6-5U15A Solid Brass 6-Inch House Number 5 Board,28.0,B0B9FMDC91
Tools_and_Home_Improvement,Interior & Exterior House Paint,Sinopia Milk Paint,Sinopia All Natural Artisanal Milk Paint Payne's Grey for General Home Painting Projects w,,B01CXLPHNI
Tools_and_Home_Improvement,Knife Sets,Wusthof,Wusthof Gourmet # 7-Piece Indrawer Tray Knife Set,,B005CUTR8Y
Tools_and_Home_Improvement,Light Sockets,E-Simpo,E-Simpo 12pcs G24d to E26/e27 Adapter(NOT GY24D) 2P CFL Socket Adapter 21.8mm G24 to E26/E,27.99,B07DPNWZVP
Tools_and_Home_Improvement,Magnetic Circuit Breakers,SIEMENS,"Siemens Q325 25-Amp 3 Pole 240-Volt 10-Kaic Circuit Breaker, Color",53.86,B0052MD03U
Tools_and_Home_Improvement,Mail Slots,idh by St. Simons,Solid Brass Letter Size Mail Slot with Open Back Plate in Satin Nickel,,B005TNO8N8
Tools_and_Home_Improvement,Miniature Circuit Breakers,Baomain,Baomain Low-Voltage Mini Circuit Breaker NXB-63(DZ47-63) C32 32A 2 Pole 400V DIN Rail Moun,11.99,B08FSYGZWG
Tools_and_Home_Improvement,Mr. Heater,Mr. Heater,"Mr. Heater 80,000 BTU Propane Convection Heater #MH80CV",,B00006L7V5
Tools_and_Home_Improvement,Patio Doors,National Door Company,"National Door Company Z001646L Steel, Primed, Left-Hand Inswing, Center Hinged Patio, Clea",1244.41,B078HRLX73
Tools_and_Home_Improvement,Side Marker & Turn Signal Combos,Partsam,Partsam 2Pcs For Freightliner Cascadia Amber LED Side Marker Turn Signal Lights 5-2835-SMD,20.99,B093WZNDCX
Tools_and_Home_Improvement,Stepladders,Werner,"Werner 412 375-Pound Duty Rating Type IAA Aluminum Stepladder, 12-Foot",,B002JIMBIK
Tools_and_Home_Improvement,Storage Lockers,Locker Culture,"Locker Culture Magnetic Multifunction Locker Organizer - Mirror,Light, Pen, Key Holder, Bo",14.99,B00BPEM3AU
Tools_and_Home_Improvement,Thermostats & Accessories,Ez-Flo,Ez-Flo 85353 Propane Fuel Cylinder,,B00GA7IATK
Tools_and_Home_Improvement,Wagner,Wagner,Wagner BP17131 Light Bulb - Multi-Purpose (Card of 2),5.49,B000C902J8
Video_Games,AMG PS Vita Test Node,BIRUGEAR,GTMax 3 Pcs Mini Stylus/Styli with 3.5mm Adapter Plu-Black with Cable Tie,,B008JVXASG
Video_Games,Atari 7800,Atari Inc.,Food Fight for Atari 7800,,B000EZ7C3E
Video_Games,Atari Systems,AtGames,"Atari Flashback Console 50th Anniversary Edition, Retro Game Console, Built-in 110 Classic",,B0BN9SX5VG
Video_Games,Batteries,Intec,Gamilys Replacement Wii Fit Rechargeable Battery Pack & Cable,,B00166MPV4
Video_Games,Batteries & Chargers,HORI,Poké Ball Plus Charge Stand Officially Licensed by Nintendo & Pokémon,189.98,B07HC4ZD3B
Video_Games,Consoles,Nintendo,Nintendo Entertainment System,146.3,B000L8L1E0
Video_Games,Cooling Systems,E-MODS GAMING,"Xbox One External Hard Drive Case E-MODS GAMING Up to 6T 2.5"" & 2 Front USB 3.0 Ports Medi",,B01N3ORJNF
Video_Games,Fitness Accessories,Intec,Nintendo Wii Fit Bundle,,B001S0JZCA
Video_Games,GEM Box,,Batman: The Complete Animated Series 1992,,B08LNHNPB1
Video_Games,Game Boy Color,"Metro 3d, Inc.",Chase H.Q. Secret Police [Game Boy Color],,B00000K1WX
Video_Games,Game Boy Systems,Konami,Yu-Gi-Oh Destiny Board Traveler,9.99,B0002RQ3KM
Video_Games,GameCube,UBI Soft,Bust-A-Move 3000,82.06,B00007B9N3
Video_Games,Guitars,Logitech,Logitech Xbox 360 Wireless Guitar Controller,,B002FRIEAE
Video_Games,Markdowns in Video Games,Warner Home Video - Games,"Warner Home Video - LEGO Dimensions Bundle: Fantastic Beasts Fun Pack, Lord Of The Rings L",,B01N8YNWWX
Video_Games,NEOGEO Pocket,Neo Geo,Metal Slug: 1st Mission,16.79,B00001OX3S
Video_Games,Nintendo Systems,Exquisite Gaming,"Mega Man ""Rockman"" Cableguy Controller Phone Holder Stand- compatible with Xbox, Play Stat",37.11,B0875394DP
Video_Games,PlayStation,3RD PARTY,Gamily Playstation 1 Memory Card,2.99,B0015MMN6G
Video_Games,PlayStation 5,ALT. CASES,Premium Black PS5 Face Plates for DISC Edition - Plate Cover Shell Skin Case PS5 Console A,,B08W3D4H98
Video_Games,PlayStation Vita,Bandai Namco Games,God Eater 2 [Japan Import],34.96,B00E083O1U
Video_Games,Prime Member Pre-Orders in Video Games,Nintendo,Ultra Street Fighter II: The Final Challengers - Nintendo Switch,,B06XG25L79
Video_Games,Super Nintendo,Hi-Tech Expr.,Where in Time is Carmen Sandiego?,,B00002STZM
Video_Games,Video & PC Games,American Greetings,Pokemon Pikachu Party Invitation Pack,,B001M5D0I6
Video_Games,Video Game Bundles,Sony Computer Entertainment,DualShock 4 (Wave Blue) Mortal Kombat X Bundle,,B00VKSXIUK
Video_Games,Wii,Nintendo,Nintendo Pokemon Go Plus,38.0,B01INXIQQ0
Video_Games,Xbox 360 Kinect Games,UBI Soft,Just Dance 3,27.95,B005669IE2
